<?xml version="1.0" encoding="UTF-8"?>
<project-private xmlns="http://www.netbeans.org/ns/project-private/1">
    <editor-bookmarks xmlns="http://www.netbeans.org/ns/editor-bookmarks/2" lastBookmarkId="0"/>
    <open-files xmlns="http://www.netbeans.org/ns/projectui-open-files/2">
        <group>
            <file>file:/C:/Users/KUNAL%20.LAPTOP-2BGO7UC1/Documents/NetBeansProjects/Cricket_management/src/session.java</file>
            <file>file:/C:/Users/KUNAL%20.LAPTOP-2BGO7UC1/Documents/NetBeansProjects/Cricket_management/src/player_record_admin.java</file>
            <file>file:/C:/Users/KUNAL%20.LAPTOP-2BGO7UC1/Documents/NetBeansProjects/Cricket_management/src/coachlogin.java</file>
            <file>file:/C:/Users/KUNAL%20.LAPTOP-2BGO7UC1/Documents/NetBeansProjects/Cricket_management/src/player_record.java</file>
            <file>file:/C:/Users/KUNAL%20.LAPTOP-2BGO7UC1/Documents/NetBeansProjects/Cricket_management/src/coach.java</file>
            <file>file:/C:/Users/KUNAL%20.LAPTOP-2BGO7UC1/Documents/NetBeansProjects/Cricket_management/src/completed_session.java</file>
            <file>file:/C:/Users/KUNAL%20.LAPTOP-2BGO7UC1/Documents/NetBeansProjects/Cricket_management/src/current_session.java</file>
            <file>file:/C:/Users/KUNAL%20.LAPTOP-2BGO7UC1/Documents/NetBeansProjects/Cricket_management/src/player_database.java</file>
            <file>file:/C:/Users/KUNAL%20.LAPTOP-2BGO7UC1/Documents/NetBeansProjects/Cricket_management/src/sessions2.java</file>
            <file>file:/C:/Users/KUNAL%20.LAPTOP-2BGO7UC1/Documents/NetBeansProjects/Cricket_management/src/home_coach.java</file>
            <file>file:/C:/Users/KUNAL%20.LAPTOP-2BGO7UC1/Documents/NetBeansProjects/Cricket_management/src/login.java</file>
            <file>file:/C:/Users/KUNAL%20.LAPTOP-2BGO7UC1/Documents/NetBeansProjects/Cricket_management/src/User.java</file>
            <file>file:/C:/Users/KUNAL%20.LAPTOP-2BGO7UC1/Documents/NetBeansProjects/Cricket_management/src/registration.java</file>
            <file>file:/C:/Users/KUNAL%20.LAPTOP-2BGO7UC1/Documents/NetBeansProjects/Cricket_management/src/Home.java</file>
            <file>file:/C:/Users/KUNAL%20.LAPTOP-2BGO7UC1/Documents/NetBeansProjects/Cricket_management/src/fees_data.java</file>
            <file>file:/C:/Users/KUNAL%20.LAPTOP-2BGO7UC1/Documents/NetBeansProjects/Cricket_management/src/fees.java</file>
            <file>file:/C:/Users/KUNAL%20.LAPTOP-2BGO7UC1/Documents/NetBeansProjects/Cricket_management/src/sessions1.java</file>
            <file>file:/C:/Users/KUNAL%20.LAPTOP-2BGO7UC1/Documents/NetBeansProjects/Cricket_management/src/signup.java</file>
            <file>file:/C:/Users/KUNAL%20.LAPTOP-2BGO7UC1/Documents/NetBeansProjects/Cricket_management/src/homelogin.java</file>
            <file>file:/C:/Users/KUNAL%20.LAPTOP-2BGO7UC1/Documents/NetBeansProjects/Cricket_management/src/record.java</file>
            <file>file:/C:/Users/KUNAL%20.LAPTOP-2BGO7UC1/Documents/NetBeansProjects/Cricket_management/src/Accessories.java</file>
            <file>file:/C:/Users/KUNAL%20.LAPTOP-2BGO7UC1/Documents/NetBeansProjects/Cricket_management/src/acc_display.java</file>
            <file>file:/C:/Users/KUNAL%20.LAPTOP-2BGO7UC1/Documents/NetBeansProjects/Cricket_management/src/card_in_use_filled_50px.png</file>
        </group>
    </open-files>
</project-private>
